Competitor,Product_Focus,Target_Audience,Setup_Time,Weekly_Reporting_Time,Core_Strengths,Core_Weaknesses,Pricing_Model,Annual_Cost_per_User,Data_Sources_Count,Ease_of_Use_Score,Reporting_Speed_Score,Integration_Breadth_Score,Price_Value_Score,Visualization_Score,Automation_Score,Support_Score,Overall_Competitive_Score
AutoReport (Baseline),Agency-specific reporting automation,Digital marketing agencies (10-50 person),5-15 minutes,1.5 hours,"Agency-specific templates, error-proof data validation, workflow automation, white-label branding, transparent ROI","Product not yet launched, needs market validation, limited brand recognition",Per-user annual,1200,60+,9/10,9.5/10,9/10,9/10,9/10,9.5/10,8.5/10,89/100
Whatagraph,AI-powered marketing analytics,Digital agencies + E-commerce + SaaS,"30 minutes","2.5-4 hours","Fast setup, AI insights, pre-built templates, beautiful reports, agency-forward positioning","Limited customization, generic AI insights, inconsistent support, unclear scaling pricing",Per-year,600-1000,70,8.5/10,8/10,7/10,7.5/10,9/10,8.5/10,7/10,79.5/100
DataBox,Modern marketing dashboards,In-house marketing teams (secondary: agencies),"1-2 hours","2-3 hours","Best-in-class dashboard UI, real-time data sync, easy onboarding, good mobile experience","Limited customization, expensive for agencies ($100/client/month), weak PDF export, limited complex calculations",Per-dashboard monthly + Per-user annual,1200,100+,8/10,7.5/10,8.5/10,6/10,9.5/10,7.5/10,8/10,78/100
Dash,Agency-focused white-label dashboards,Digital marketing agencies selling dashboards to clients,"1-2 hours","3-4 hours","Agency-first positioning, beautiful templates, white-label portal, fast template deployment, community","Fewer integrations, limited customization depth, inconsistent support, vendor lock-in risk",Per-dashboard + Per-seat,500-800,50,8.5/10,7/10,6.5/10,7/10,8.5/10,8/10,6/10,73.5/100
Supermetrics,Flexible report builder,Digital agencies + Marketing professionals,"4-6 hours","3-4 hours","Most flexible templates, broadest integrations (300+), well-established brand, strong data transformation","Steep learning curve, dated UI, limited customer success, email-only distribution, scheduled delivery issues",Per-user annual,600-1200,300+,6/10,6.5/10,9.5/10,5/10,7/10,7.5/10,5.5/10,66.5/100
Google Data Studio,Generic data visualization,SMBs + In-house teams using Google Analytics,"2-3 hours (if analyst), 6-8 hours (if non-technical)","4-6 hours","Free, powerful for custom builds, deep GA integration, enterprise-grade infrastructure","High barrier to entry, poor templating, limited automation, DIY-only, no managed service, no client portal",Free,0,100+,4.5/10,4/10,8/10,10/10,8.5/10,3.5/10,3/10,54.5/100
Tableau,Enterprise BI platform,Enterprise corporations + Data teams,"3-6 months (implementation)","2-3 days (build phase)","Most powerful analytics engine, industry standard, beautiful visualizations, enterprise security","Prohibitive pricing for SMBs, slow implementation, steep learning curve, overkill for agencies, no white-label",Per-user monthly + Enterprise annual,840-10000+,100+,3.5/10,2.5/10,8.5/10,2/10,9.5/10,4/10,7/10,48/100
Microsoft Power BI,Enterprise BI platform,Enterprise corporations using Microsoft 365,"4-8 weeks (implementation)","2-3 days (build phase)","Low cost via Microsoft 365 bundling, good mobile experience, strong Excel integration, extensive connectors","Overwhelming UI, steep learning curve, requires IT involvement, not agency-focused, clunky scheduled delivery",Per-user monthly (included in M365) or standalone,10-240,200+,4/10,3.5/10,8.5/10,5.5/10,8.5/10,5/10,6/10,51.5/100
Google Looker,Modern cloud-native BI,Mid-market + Cloud-first organizations,"4-8 weeks","2-3 days","Modern architecture, embedded analytics, deep GCP integration, governance layer, mobile-first design","Tied to Google Cloud, LookML learning curve, smaller ecosystem, pricing opacity, not agency-focused, emerging",Per-user monthly + Enterprise custom,600-1200,200+,4/10,3/10,8/10,4/10,8/10,4.5/10,6/10,46.5/100
HubSpot Reporting,CRM-integrated reporting,HubSpot users + Inbound marketing agencies,"1-2 hours","3-5 hours","Native CRM integration, good lead/conversion tracking, excellent email analytics, included in CRM","Weak multi-source consolidation, poor Google Analytics integration, not designed for client reporting, expensive for reporting alone",Included in HubSpot CRM subscription,800-3200,10-20,7/10,5/10,4/10,3/10,7.5/10,6.5/10,7.5/10,54/100
Improvado,Data integration platform,Mid-market marketing teams,4-6 weeks setup,1-2 hours (after setup),"Broadest marketing integrations (200+), no-code pipeline building, data quality layer, flexible exports","Very expensive ($500-5000/month), not a complete solution (requires downstream BI), overkill for simple workflows, long setup","Per-month tiered subscription",6000-60000+,200+,5/10,3/10,9.5/10,2/10,4/10,8/10,6/10,47.5/100
