Tool,Category,Free Tier,Entry Paid Tier,Entry Price/Year,Mid-Market Tier,Mid-Market Price/Year,Per-User Cost (Mid),Enterprise Tier,Enterprise Min/Year,Best For Agencies?,Setup Time,Agency Templates,White-Label,Automation Focus
ReportEase (Proposed),Agency Reporting,No,$100/month (1-3 users),$1200,$100/month (3-10 users),$1200,$1200,Custom Tier,$5000+,YES - PRIMARY,<1 hour,YES (Core),Roadmap,YES (Core)
Supermetrics,Data Integration,Yes - Limited,$99/month,$1188,$249/month (5 users),$2988,$598,Custom,Contact Sales,MEDIUM,1-2 hours,Limited,No,YES
DataBox,Real-Time Dashboards,Yes - Basic,$299/month,$3588,$699/month (unlimited users),$8388,$2796,Custom,Contact Sales,MEDIUM,2-4 hours,YES,Premium Tier,YES
Whatagraph,Automated Reporting,Yes - Limited,$99/month,$1188,$249/month (3 users),$2988,$996,Custom,Contact Sales,HIGH - COMPETITOR,1-2 hours,YES,YES (Professional),$2988,YES
Google Data Studio,Free BI & Dashboards,Yes - Forever,$0,$0,$0,$0,$0,N/A,$0,LOW,1-3 hours,YES (Generic),No,Limited
Tableau,Enterprise BI,Free/Limited,$70/month (Creator),$840,$70/month (Creator),$840,$840,Server-based,$5000+,LOW,4-8 hours,Limited,Premium Services,No
Looker,Enterprise Analytics,Free (Viewer),$0.40/day (Viewer),$146,$2000/month (Developer),$24000,$5000,Enterprise,$50000+,VERY LOW,8+ hours,No,Custom,No
Power BI,Microsoft BI,No,$12/month (Pro),$144,$30/month (Premium Per User),$360,$360,Premium (Capacity),$60000+,LOW,2-6 hours,Limited,Custom,Limited
HubSpot,All-In-One CRM,Yes - Free Tier,$50/month (Starter),$600,$800/month (Professional),$9600,$3200,Enterprise,$38400,MEDIUM,1-2 hours,YES,Limited,YES
