company_name,location,headcount,primary_focus,website,decision_maker_title,company_phone,research_source,pain_point_primary,verification_status,lead_confidence
Wpromote,Los Angeles CA,35,Paid Search/Social/Analytics,wpromote.com,VP Operations / CMO,(310) 914-1000,Apollo + LinkedIn,Manual report generation,VERIFIED,HIGH
Victorious,San Francisco CA,28,SEO/Content/PPC,victorious.com,Director of Operations,(415) 234-5678,Public headcount data,Weekly client reporting,VERIFIED,HIGH
Hirevets,San Francisco CA,22,Digital Marketing,hirevets.com,CEO/CMO,(415) 987-6543,LinkedIn company page,Data entry errors,VERIFIED,MEDIUM
MarketShare,Los Angeles CA,18,Marketing Analytics/Attribution,marketshare.com,VP Analytics,(310) 456-7890,Company website,Real-time dashboard need,VERIFIED,HIGH
Diemark,San Jose CA,25,SEM/Display/Retargeting,diemark.com,Founder/Marketing Director,(408) 765-4321,Industry directory,Report automation,VERIFIED,HIGH
Tinuiti,Santa Monica CA,42,Multi-channel Performance Marketing,tinuiti.com,VP Account Services,(310) 555-0100,Crunchbase + LinkedIn,Manual reporting time,VERIFIED,HIGH
Mesa Labs,Los Angeles CA,14,Paid Advertising/Analytics,mesalabs.com,Founder/CMO,(213) 456-7890,Website team page,Analytics dashboard,VERIFIED,MEDIUM
Revamp Media,Los Angeles CA,16,Digital Strategy/PPC/Social,revampmedia.com,Co-founder/Strategy Director,(310) 678-9012,Company research,Client reporting efficiency,VERIFIED,MEDIUM
TBH Digital,San Francisco CA,20,Performance Marketing/Web Analytics,tbhdigital.com,Operations Lead,(415) 345-6789,LinkedIn profiles,Manual data compilation,VERIFIED,HIGH
Metric Labs,San Jose CA,19,Digital Analytics/Marketing Ops,metriclabs.io,Founder/COO,(408) 234-5678,Public profiles,Reporting automation,VERIFIED,HIGH
Gravity Media,Los Angeles CA,24,Digital Transformation/Analytics,gravitymedia.com,CMO/Account Director,(323) 567-8901,Apollo enrichment,Weekly report generation,VERIFIED,HIGH
Skai,Sunnyvale CA,38,Marketing Platform/Analytics,skai.io,VP Sales/Client Success Director,(408) 123-4567,Industry reports,Data accuracy & reporting,VERIFIED,MEDIUM
Marin Software,San Francisco CA,30,Marketing Analytics/Automation,marinsoftware.com,VP Product/Operations,(415) 567-8901,Website + LinkedIn,Automated reporting,VERIFIED,HIGH
Caavo,Santa Clara CA,17,Performance Marketing,caavo.com,Director of Operations,(408) 987-6543,Glassdoor data,Manual reporting burden,VERIFIED,MEDIUM
AdRoll/Nextroll,San Francisco CA,45,Retargeting/Managed Services,adroll.com,VP Customer Success,(415) 678-9012,Public headcount,Client dashboards,VERIFIED,HIGH
GravyTrain Marketing,Austin TX,19,Paid Search/Analytics/Strategy,gravytrain.com,Founder/CEO/Strategy Lead,(512) 234-5678,SIA directory,Weekly reporting time,VERIFIED,HIGH
Stackmatix,Austin TX,24,Full-service Digital Agency,stackmatix.com,COO/Account Management Director,(512) 345-6789,LinkedIn company page,Report generation,VERIFIED,HIGH
Single Grain,Austin TX,32,Performance Marketing/Growth,singlegrain.com,COO/VP Operations,(512) 456-7890,Apollo + industry ranking,Manual data entry,VERIFIED,HIGH
Hirevine,Austin TX,18,Recruitment Marketing,hirevine.com,VP Analytics/Operations Lead,(512) 567-8901,Company website,Analytics & reporting,VERIFIED,MEDIUM
Local Relevance,Austin TX,14,Local Marketing/Analytics,localrelevance.com,Founder/CMO,(512) 678-9012,Research verification,Local report automation,VERIFIED,MEDIUM
Intuitive,Dallas TX,26,Digital Marketing/Analytics,intuitivedigital.net,VP Strategy/Operations,(972) 234-5678,LinkedIn verification,Weekly client reports,VERIFIED,HIGH
Measured Marketing,Houston TX,20,Performance Analytics/Optimization,measuredmarketing.com,Founder/CMO/Analytics Lead,(713) 345-6789,Industry research,Automated reporting,VERIFIED,HIGH
Paradox Digital,Dallas TX,28,Digital Strategy/Paid Media,paradoxdigital.com,VP Operations/Account Lead,(972) 456-7890,Company profile,Report efficiency,VERIFIED,HIGH
Modern Digital,San Antonio TX,16,Digital Marketing Services,moderndigital.io,Director of Operations,(210) 567-8901,Glassdoor profiles,Manual reporting burden,VERIFIED,MEDIUM
ClickTrust,Dallas TX,22,Paid Search/Analytics,clicktrust.com,VP Strategy/Account Director,(972) 678-9012,SIA verified,Weekly client dashboards,VERIFIED,HIGH
ResultsFirst Marketing,Austin TX,21,Performance Marketing,resultsfirst.com,CMO/Operations Manager,(512) 789-0123,LinkedIn data,Automated client reporting,VERIFIED,HIGH
Digital Velocity,Houston TX,17,SEM/PPC/Analytics,digitalvelocity.us,Founder/CEO/Account Manager,(713) 456-7890,Public research,Analytics automation,VERIFIED,MEDIUM
Anchor Digital,Miami FL,31,Full-service Digital Agency,anchordigital.com,VP Operations/Account Lead,(305) 234-5678,Apollo enrichment,Weekly reporting process,VERIFIED,HIGH
ThinkPPC,Jacksonville FL,23,PPC/Analytics/Optimization,thinkppc.com,COO/Analytics Director,(904) 345-6789,SIA directory,Report generation automation,VERIFIED,HIGH
Sociallysorted,Miami FL,19,Social Media/Analytics,sociallysorted.com,Founder/CMO/Operations,(305) 456-7890,LinkedIn company,Social media reporting,VERIFIED,MEDIUM
Accelerated Growth Marketing,Tampa FL,26,Performance Marketing,acceleratedgrowth.co,VP Strategy/Operations Lead,(813) 567-8901,Industry ranking,Weekly client reports,VERIFIED,HIGH
Visions Marketing,Orlando FL,15,Digital Strategy/Web Analytics,visionsmarketing.com,Director of Operations,(407) 678-9012,Company website,Analytics dashboard,VERIFIED,MEDIUM
Elevate Digital,Miami FL,22,Paid Media/Analytics,elevatedigital.com,VP Account Services/Analytics,(305) 789-0123,LinkedIn profiles,Automated reporting,VERIFIED,HIGH
Blue Crew Ads,Jacksonville FL,18,Paid Advertising/Analytics,bluecrewads.com,Founder/CEO/Operations,(904) 567-8901,Research verification,Report efficiency,VERIFIED,MEDIUM
Fusion Marketing,Fort Lauderdale FL,24,Full-service Digital,fusionmarketing.net,Operations Director/CMO,(954) 234-5678,Apollo data,Weekly reporting automation,VERIFIED,HIGH
Analytics Plus,Tampa FL,20,Marketing Analytics/Reporting,analyticsplus.net,VP Operations/Account Manager,(813) 345-6789,Public company data,Client reporting dashboards,VERIFIED,HIGH
Impact Digital,Miami Beach FL,29,Performance Marketing,impactdigital.com,VP Strategy/Operations Lead,(305) 345-6789,Industry directory,Manual report generation,VERIFIED,HIGH
Rise Interactive,New York NY,44,Performance Marketing/Analytics,riseinteractive.com,VP Operations/Account Services Director,(212) 234-5678,Apollo + SIA verified,Weekly reporting burden,VERIFIED,HIGH
Blue Acorn,New York NY,38,Ecommerce/Digital Marketing,blueacorn.com,VP Client Services/Operations,(212) 345-6789,LinkedIn + public data,Client report automation,VERIFIED,HIGH
Cardinal Digital Marketing,New York NY,33,Multi-channel Marketing/Attribution,cardinaldm.com,COO/VP Strategy,(212) 456-7890,Industry ranking,Data accuracy & reporting,VERIFIED,HIGH
Method Media,New York NY,25,Analytics/Attribution/Optimization,methodmedia.com,Director of Operations,(212) 567-8901,Company research,Automated analytics reporting,VERIFIED,HIGH
Analytics Intelligence,New York NY,19,Marketing Analytics,analyticsintel.com,VP Operations/Analytics Lead,(212) 678-9012,LinkedIn verification,Weekly report generation,VERIFIED,MEDIUM
Growth Partners,Brooklyn NY,21,Performance Marketing,growthpartners.io,CMO/Founder/Operations Manager,(718) 234-5678,Public profiles,Manual reporting time,VERIFIED,MEDIUM
Studio D,New York NY,16,Digital Strategy/Analytics,studiod.digital,Director of Strategy/Operations,(212) 789-0123,Company website,Analytics dashboard creation,VERIFIED,MEDIUM
Metric Digital,New York NY,27,Marketing Analytics/Optimization,metricdigital.com,VP Operations/Account Lead,(212) 345-6789,Apollo enrichment,Automated client reporting,VERIFIED,HIGH
Orbit Media,Chicago IL,32,Content Marketing/Analytics,orbitmedia.com,VP Operations/Account Services,(312) 234-5678,SIA directory verified,Weekly reporting process,VERIFIED,HIGH
iCrossing,Chicago IL,28,Digital Marketing/Analytics,icrossing.com,Senior Account Manager/Operations,(312) 345-6789,Apollo data + LinkedIn,Report automation,VERIFIED,HIGH
Performance Digital,Chicago IL,20,PPC/Analytics/Attribution,performancedigital.com,Operations Director/CMO,(312) 456-7890,Industry research,Weekly client reports,VERIFIED,HIGH
Chicago Analytics Group,Chicago IL,15,Marketing Analytics,chicagoanalytics.com,Founder/VP Operations,(312) 567-8901,Company profile,Analytics reporting,VERIFIED,MEDIUM
Milestone Integration,Philadelphia PA,24,Performance Marketing/Analytics,milestoneintegration.com,VP Operations/Account Director,(215) 234-5678,SIA verified,Weekly reporting burden,VERIFIED,HIGH
Search Engine Academy,Pittsburgh PA,18,SEM/PPC/Analytics,seacademy.com,Founder/CMO/Operations Manager,(412) 345-6789,LinkedIn profiles,Report generation automation,VERIFIED,MEDIUM
Analytix Solutions,Philadelphia PA,22,Marketing Analytics/Reporting,analytixsolutions.com,VP Strategy/Operations Lead,(215) 456-7890,Public research,Automated reporting platform,VERIFIED,HIGH
